machine_id,avg_temperature,avg_vibration,avg_energy_consumption,actual_maintenance_rate,predicted_maintenance_rate,avg_maintenance_probability,maintenance_risk
1,74.86335594989562,50.34434237995824,2.730073068893528,20.354906054279752,18.319415448851775,0.20578810020876828,Low Risk
2,74.96855463008329,49.957540421362076,2.682876041156296,20.186183243508086,17.687408133268008,0.19548750612444882,Low Risk
3,74.79554222888557,50.565552223888055,2.8006196901549227,19.04047976011994,16.891554222888555,0.19047226386806596,Low Risk
4,74.93487524950099,49.78973552894212,2.78813872255489,20.60878243512974,18.6626746506986,0.20900948103792416,Low Risk
5,74.97027900146843,49.224865394028384,2.7458051884483603,20.94958394517866,18.45325501713167,0.2012922173274596,Low Risk
6,74.88486556359875,49.99588934850052,2.7191623578076523,20.837642192347467,18.665977249224404,0.20885987590486038,Low Risk
7,74.9760407124682,49.85802035623409,2.7690687022900766,19.287531806615775,17.353689567430024,0.19781679389312976,Low Risk
8,74.99908490086426,50.01225724453482,2.7791001525165226,19.166243009659382,17.234367056431115,0.1937874936451449,Low Risk
9,75.28093922651934,50.422847815168254,2.747538925163235,20.542440984429934,18.68407835258664,0.20294073329984932,Low Risk
10,75.2442878338279,50.31986152324431,2.7312265084075174,18.051434223541047,16.271018793273985,0.19009891196834816,Low Risk
11,75.57341363403384,50.0774525884162,2.7747514095335726,18.554587391081498,17.06817016914403,0.19582265504869298,Low Risk
12,74.63712020460359,49.50596930946291,2.720153452685422,19.18158567774936,17.28900255754476,0.19584143222506395,Low Risk
13,75.06342156862745,50.41588725490196,2.7310686274509806,19.06862745098039,16.96078431372549,0.19092892156862745,Low Risk
14,74.9060741885626,50.393848531684704,2.716306027820711,19.21689850592478,17.156105100463677,0.1944925296239052,Low Risk
15,74.85177602368032,50.18980759743464,2.774208189442526,20.12826837691169,17.168228909718795,0.19718302910705476,Low Risk
16,75.06508457711443,50.11420895522388,2.769273631840796,19.0547263681592,17.213930348258707,0.1924402985074627,Low Risk
17,75.13111111111111,49.876424065987386,2.7188694808345466,19.40805434255216,16.98204754973314,0.1944784085395439,Low Risk
18,75.03001477104874,50.04429837518464,2.749419005416051,19.84244214672575,17.725258493353028,0.20268340718857705,Low Risk
19,74.55469560878242,50.32341317365269,2.774555888223553,17.864271457085827,15.868263473053892,0.18705089820359283,Low Risk
20,74.95655837563453,49.87856345177665,2.7113299492385785,18.47715736040609,15.685279187817258,0.1815456852791878,Low Risk
21,74.7069298245614,50.65700779727095,2.776023391812865,18.421052631578945,16.61793372319688,0.191937134502924,Low Risk
22,74.73527818808469,50.35881339241753,2.805918266863614,19.596258000984736,17.479074347612013,0.19380354505169867,Low Risk
23,74.78594168260038,49.98023900573614,2.7333030592734224,19.407265774378583,17.638623326959845,0.19698613766730402,Low Risk
24,74.93013608870969,49.88266129032258,2.7582358870967743,21.068548387096776,18.548387096774192,0.2047303427419355,Low Risk
25,75.25921421421421,49.71352852852853,2.7460460460460463,18.96896896896897,16.616616616616618,0.1913938938938939,Low Risk
26,75.18062166100049,50.29139873725109,2.8095337542496357,20.49538610976202,18.115590092277806,0.2032442933462846,Low Risk
27,75.25048032703117,50.30020950434338,2.7263515585079205,19.26417986714359,17.52682677567706,0.19640521205927441,Low Risk
28,75.2727392578125,50.01708984375,2.7667236328125,20.361328125,18.408203125,0.20673828125,Low Risk
29,75.02780821917808,49.53158023483366,2.7525146771037186,20.89041095890411,18.737769080234834,0.20857632093933462,Low Risk
30,75.02565573770491,49.44582449373192,2.7684329797492766,20.877531340405014,18.75602700096432,0.20495178399228545,Low Risk
31,74.8365338851526,49.9740662183135,2.7132436627004655,19.037765131919297,16.761510605276772,0.19053026383859287,Low Risk
32,74.89239290989661,49.75824224519941,2.745558838010832,20.974889217134415,18.46381093057607,0.20552683407188577,Low Risk
33,74.98670756646217,49.755429447852755,2.779074642126789,20.347648261758692,18.353783231083845,0.2045219836400818,Low Risk
34,75.02154517453799,50.123911704312114,2.754235112936345,19.04517453798768,16.68377823408624,0.19156314168377825,Low Risk
35,75.29525875588081,49.98917929952954,2.7097334030318874,19.86408782017773,17.982226868792473,0.20183742812336644,Low Risk
36,75.246896882494,49.8850551558753,2.774642685851319,19.904076738609113,17.41007194244604,0.1976115107913669,Low Risk
37,75.20539205702649,50.0532433808554,2.762387983706721,18.533604887983707,16.4969450101833,0.1873548879837067,Low Risk
38,75.42606413994169,49.93217201166181,2.7410981535471333,19.33916423712342,17.395529640427597,0.20119533527696792,Low Risk
39,74.45751630707475,49.91154540893126,2.729734069242348,19.36778725539388,16.608128449573506,0.18952333166081287,Low Risk
40,74.96840579710145,49.75817591204398,2.7051874062968517,18.74062968515742,16.79160419790105,0.19209145427286356,Low Risk
41,74.86283159463487,50.32614505712866,2.720854446100348,17.2876304023845,15.846994535519126,0.18620963735717835,Low Risk
42,74.89334323922735,49.636111936602276,2.722313026250619,20.65378900445765,17.929668152550768,0.20091877166914315,Low Risk
43,75.15653725078698,50.01179958027283,2.807224554039874,21.511017838405035,19.30745015739769,0.21467471143756559,Low Risk
44,75.19535053554041,49.93509737098345,2.73784323271665,20.30185004868549,17.77020447906524,0.1979844206426485,Low Risk
45,74.93134615384616,50.16136057692308,2.7623028846153845,20.384615384615383,17.78846153846154,0.20187740384615385,Low Risk
46,75.35562238493725,50.28030334728034,2.7279131799163183,19.822175732217573,17.99163179916318,0.2015742677824268,Low Risk
47,75.19138930534733,49.8388055972014,2.6991854072963517,19.99000499750125,17.291354322838583,0.19403798100949524,Low Risk
48,74.80884353741497,49.74244412050535,2.7056073858114678,19.5821185617104,17.05539358600583,0.193377065111759,Low Risk
49,75.01069743589743,49.814446153846156,2.7634820512820513,19.538461538461537,17.53846153846154,0.19689487179487178,Low Risk
50,75.2046809623431,50.295078451882844,2.709696652719665,21.443514644351463,19.194560669456067,0.2096652719665272,Low Risk
